{
  "accuracy": 0.9945927069134495,
  "precision": 0.4972812654473554,
  "recall": 0.5269774751178627,
  "f1": 0.5116988809766022,
  "roc_auc": 0.992623921006521,
  "pr_auc": 0.5263854305978589,
  "brier_score": 0.00397535382148215,
  "tn": 352150,
  "fp": 1017,
  "fn": 903,
  "tp": 1006,
  "ece": 0.0025154792671521382
}