{
  "mae": 1.5453698089426218,
  "rmse": 2.015848515039371,
  "r2": 0.948077275594141,
  "mape": 16.776887272522647
}