{
  "accuracy": 0.9943745211159688,
  "precision": 0.46445880452342486,
  "recall": 0.30120481927710846,
  "f1": 0.36542739116619,
  "roc_auc": 0.9834883127444779,
  "pr_auc": 0.3841406435170864,
  "brier_score": 0.004454408179577889,
  "tn": 352420,
  "fp": 663,
  "fn": 1334,
  "tp": 575,
  "ece": 0.004359199872664581
}