{
  "mae": 1.9927462000618839,
  "rmse": 2.6057870116710666,
  "r2": 0.9131913376599365,
  "mape": 24.74958035547884
}