{
  "accuracy": 0.9951644155054129,
  "precision": 0.5625,
  "recall": 0.4525929806181247,
  "f1": 0.5015965166908564,
  "roc_auc": 0.9927650380226409,
  "pr_auc": 0.5323116499454273,
  "brier_score": 0.0036040088468087903,
  "tn": 352495,
  "fp": 672,
  "fn": 1045,
  "tp": 864,
  "ece": 0.0029102242085968996
}