{
  "mae": 1.95649605089345,
  "rmse": 2.541936177488511,
  "r2": 0.9174397555511613,
  "mape": 21.387591121659355
}