{
  "accuracy": 0.9963530372581599,
  "precision": 0.6925972396486826,
  "recall": 0.5783132530120482,
  "f1": 0.6303168712532116,
  "roc_auc": 0.9962508669003556,
  "pr_auc": 0.6916962307352651,
  "brier_score": 0.002744073448335375,
  "tn": 352691,
  "fp": 490,
  "fn": 805,
  "tp": 1104,
  "ece": 0.0015418801261784753
}