{
  "mae": 1.4242655129375186,
  "rmse": 1.8832039181442868,
  "r2": 0.9546851267178902,
  "mape": 15.496566552726248
}