{
  "accuracy": 0.99472841318564,
  "precision": 0.0,
  "recall": 0.0,
  "f1": 0.0,
  "roc_auc": 0.9131657069341534,
  "pr_auc": 0.061225381718199974,
  "brier_score": 0.00509997353728704,
  "tn": 14907,
  "fp": 1,
  "fn": 78,
  "tp": 0,
  "ece": 0.0032807616307793095
}