{
  "mae": 4.595062337264195,
  "rmse": 5.602869279896086,
  "r2": 0.5992886453601167,
  "mape": 61.3537713142653
}