{
  "accuracy": 0.9947866204006219,
  "precision": 0.5181476846057572,
  "recall": 0.43373493975903615,
  "f1": 0.4721984602224123,
  "roc_auc": 0.9898534248888927,
  "pr_auc": 0.5072206289134369,
  "brier_score": 0.003874872621460553,
  "tn": 352369,
  "fp": 770,
  "fn": 1081,
  "tp": 828,
  "ece": 0.0021834650143246885
}