{
  "mae": 1.80670022956192,
  "rmse": 2.3538717331791332,
  "r2": 0.929191220289054,
  "mape": 20.349985876298753
}