{
  "accuracy": 0.9918533375400009,
  "precision": 0.31276190476190474,
  "recall": 0.43006809848088007,
  "f1": 0.36215262461402736,
  "roc_auc": 0.9847524947749522,
  "pr_auc": 0.29956310450197665,
  "brier_score": 0.006005009112143091,
  "tn": 351279,
  "fp": 1804,
  "fn": 1088,
  "tp": 821,
  "ece": 0.004934821726528964
}