{
  "mae": 1.924381971359253,
  "rmse": 2.497851020347017,
  "r2": 0.9202339053153992,
  "mape": "22.684187"
}