{
  "accuracy": 0.99523444717334,
  "precision": 0.621773288439955,
  "recall": 0.29020429544264015,
  "f1": 0.39571428571428574,
  "roc_auc": 0.9876206531341332,
  "pr_auc": 0.4628427213735203,
  "brier_score": 0.003859738578947845,
  "tn": 352802,
  "fp": 337,
  "fn": 1355,
  "tp": 554,
  "ece": 0.0033693214947193837
}