{
  "mae": 2.0048817013836033,
  "rmse": 2.617908966687054,
  "r2": 0.9124148246129785,
  "mape": 24.510452844072564
}