{
  "model_type": "random_forest",
  "horizons": [
    3,
    6,
    12,
    24
  ],
  "frost_threshold": 0.0,
  "timestamp": "2025-11-14T11:12:17.517254",
  "results": {
    "3h": {
      "frost_metrics": {
        "accuracy": 0.9963530372581599,
        "precision": 0.6925972396486826,
        "recall": 0.5783132530120482,
        "f1": 0.6303168712532116,
        "roc_auc": 0.9962508669003556,
        "pr_auc": 0.6916962307352651,
        "brier_score": 0.002744073448335375,
        "tn": 352691,
        "fp": 490,
        "fn": 805,
        "tp": 1104,
        "ece": 0.001541880126178475
      },
      "temp_metrics": {
        "mae": 1.4242655129375186,
        "rmse": 1.8832039181442868,
        "r2": 0.9546851267178902,
        "mape": 15.496566552726248
      }
    },
    "6h": {
      "frost_metrics": {
        "accuracy": 0.9951644155054129,
        "precision": 0.5625,
        "recall": 0.4525929806181247,
        "f1": 0.5015965166908564,
        "roc_auc": 0.9927650380226409,
        "pr_auc": 0.5323116499454273,
        "brier_score": 0.0036040088468087903,
        "tn": 352495,
        "fp": 672,
        "fn": 1045,
        "tp": 864,
        "ece": 0.0029102242085968996
      },
      "temp_metrics": {
        "mae": 1.95649605089345,
        "rmse": 2.541936177488511,
        "r2": 0.9174397555511613,
        "mape": 21.387591121659355
      }
    },
    "12h": {
      "frost_metrics": {
        "accuracy": 0.99523444717334,
        "precision": 0.621773288439955,
        "recall": 0.29020429544264015,
        "f1": 0.39571428571428574,
        "roc_auc": 0.9876206531341332,
        "pr_auc": 0.4628427213735203,
        "brier_score": 0.003859738578947845,
        "tn": 352802,
        "fp": 337,
        "fn": 1355,
        "tp": 554,
        "ece": 0.0033693214947193837
      },
      "temp_metrics": {
        "mae": 2.0048817013836033,
        "rmse": 2.617908966687054,
        "r2": 0.9124148246129785,
        "mape": 24.510452844072564
      }
    },
    "24h": {
      "frost_metrics": {
        "accuracy": 0.9943745211159688,
        "precision": 0.46445880452342486,
        "recall": 0.30120481927710846,
        "f1": 0.36542739116619,
        "roc_auc": 0.9834883127444779,
        "pr_auc": 0.3841406435170864,
        "brier_score": 0.004454408179577889,
        "tn": 352420,
        "fp": 663,
        "fn": 1334,
        "tp": 575,
        "ece": 0.004359199872664581
      },
      "temp_metrics": {
        "mae": 1.9927462000618839,
        "rmse": 2.6057870116710666,
        "r2": 0.9131913376599365,
        "mape": 24.74958035547884
      }
    }
  }
}