{
  "accuracy": 0.9917969982422139,
  "precision": 0.3095328522597797,
  "recall": 0.42692509167103193,
  "f1": 0.35887274328489654,
  "roc_auc": 0.9843138472211537,
  "pr_auc": 0.3117786414830233,
  "brier_score": 0.006019025516646958,
  "tn": 351265,
  "fp": 1818,
  "fn": 1094,
  "tp": 815,
  "ece": 0.004781306802327048
}