{
  "mae": 1.9286554002526237,
  "rmse": 2.5080702688459673,
  "r2": 0.9195798953319594,
  "mape": 22.692796580377202
}