{
  "accuracy": 0.9942120502016629,
  "precision": 0.46157894736842103,
  "recall": 0.45940282870612886,
  "f1": 0.4604883171436073,
  "roc_auc": 0.989243285206391,
  "pr_auc": 0.4495097105276136,
  "brier_score": 0.0043246605822515344,
  "tn": 352116,
  "fp": 1023,
  "fn": 1032,
  "tp": 877,
  "ece": 0.002538804409886182
}