{
  "mae": 1.7924770000756105,
  "rmse": 2.333542352832706,
  "r2": 0.9304090287434512,
  "mape": 20.040401146709677
}