{
  "accuracy": 0.9931012529859827,
  "precision": 0.3669950738916256,
  "recall": 0.3902566788894709,
  "f1": 0.3782685960903783,
  "roc_auc": 0.9833851868624351,
  "pr_auc": 0.3502081108230617,
  "brier_score": 0.005105018925474467,
  "tn": 351798,
  "fp": 1285,
  "fn": 1164,
  "tp": 745,
  "ece": 0.004265923092229719
}