{
  "mae": 1.9495772244673149,
  "rmse": 2.5377824698179268,
  "r2": 0.9176631931837315,
  "mape": 23.199828859237908
}