{
  "accuracy": 0.9959137120166718,
  "precision": 0.6193952033368092,
  "recall": 0.6223153483499214,
  "f1": 0.6208518421740267,
  "roc_auc": 0.996634609639394,
  "pr_auc": 0.6934773277325527,
  "brier_score": 0.0029591150036976984,
  "tn": 352451,
  "fp": 730,
  "fn": 721,
  "tp": 1188,
  "ece": 0.0015644020042600102
}