{
  "mae": 1.1210381984710693,
  "rmse": 1.4982518499761752,
  "r2": 0.9713175892829895,
  "mape": "12.001029"
}