{
  "3h": {
    "n_stations": 18,
    "frost_metrics": {
      "brier_score": {
        "mean": 0.0031284202968009473,
        "std": 0.0010315437001106468,
        "min": 0.001328079449993362,
        "max": 0.005026031359390658
      },
      "ece": {
        "mean": 0.001358730207084435,
        "std": 0.0005063932258957633,
        "min": 0.0005694839556454237,
        "max": 0.0023846182714811694
      },
      "roc_auc": {
        "mean": 0.9972500536752934,
        "std": 0.0009608543613538569,
        "min": 0.9952085805215044,
        "max": 0.9987165688592432
      },
      "pr_auc": {
        "mean": 0.8132807820554016,
        "std": 0.06843299857678391,
        "min": 0.6448245582374014,
        "max": 0.8835241858424837
      }
    },
    "temp_metrics": {
      "mae": {
        "mean": 1.6584068341632494,
        "std": 0.1044851304075618,
        "min": 1.4849485311315986,
        "max": 1.8902651090644056
      },
      "rmse": {
        "mean": 2.124803158095782,
        "std": 0.13022748186207744,
        "min": 1.9198226759120585,
        "max": 2.4051854215134414
      },
      "r2": {
        "mean": 0.9413591825050881,
        "std": 0.006562793056054891,
        "min": 0.9290160073036464,
        "max": 0.9526894407127224
      }
    }
  },
  "6h": {
    "n_stations": 18,
    "frost_metrics": {
      "brier_score": {
        "mean": 0.0042668799226850546,
        "std": 0.0014347567073954043,
        "min": 0.00189211644638594,
        "max": 0.006876755297915624
      },
      "ece": {
        "mean": 0.0024338721106264504,
        "std": 0.0008063228129162297,
        "min": 0.0014040326196487023,
        "max": 0.0048073884461312085
      },
      "roc_auc": {
        "mean": 0.9942292383125054,
        "std": 0.0019336609159924917,
        "min": 0.9911626445604959,
        "max": 0.9968644440637564
      },
      "pr_auc": {
        "mean": 0.692478185469743,
        "std": 0.10541698056090988,
        "min": 0.4091335402575318,
        "max": 0.7900958060535594
      }
    },
    "temp_metrics": {
      "mae": {
        "mean": 2.1518363076488893,
        "std": 0.10485011199434442,
        "min": 1.9693671999804,
        "max": 2.396129136884759
      },
      "rmse": {
        "mean": 2.7057807316776805,
        "std": 0.12240137285570403,
        "min": 2.5074527935895397,
        "max": 2.991141923748726
      },
      "r2": {
        "mean": 0.9048926348324426,
        "std": 0.009375385290380798,
        "min": 0.8850821979085556,
        "max": 0.9208969457635285
      }
    }
  },
  "12h": {
    "n_stations": 18,
    "frost_metrics": {
      "brier_score": {
        "mean": 0.0051555528621431415,
        "std": 0.001770374888507415,
        "min": 0.002577731932034392,
        "max": 0.008663705395439513
      },
      "ece": {
        "mean": 0.0023717024943959307,
        "std": 0.0007835441078744129,
        "min": 0.0009977729122607284,
        "max": 0.004730650621001383
      },
      "roc_auc": {
        "mean": 0.9901608587836291,
        "std": 0.0035731625556790028,
        "min": 0.9770216834546349,
        "max": 0.9947115708024803
      },
      "pr_auc": {
        "mean": 0.5706475425627062,
        "std": 0.10087220077142618,
        "min": 0.3381919764097111,
        "max": 0.6729831215305642
      }
    },
    "temp_metrics": {
      "mae": {
        "mean": 2.087619257496421,
        "std": 0.10511922320601427,
        "min": 1.9395697066158153,
        "max": 2.3129177542491415
      },
      "rmse": {
        "mean": 2.6888343573147235,
        "std": 0.12680851545910005,
        "min": 2.5062017340755296,
        "max": 2.944362691714337
      },
      "r2": {
        "mean": 0.9058957599283859,
        "std": 0.011268760536511444,
        "min": 0.8816198593030788,
        "max": 0.9215228517860893
      }
    }
  },
  "24h": {
    "n_stations": 18,
    "frost_metrics": {
      "brier_score": {
        "mean": 0.005532686261008606,
        "std": 0.0018220068284208859,
        "min": 0.0026117639050566737,
        "max": 0.009089401424817962
      },
      "ece": {
        "mean": 0.002311968375361521,
        "std": 0.0015155395396520544,
        "min": 0.0008983363070852808,
        "max": 0.007967625147723869
      },
      "roc_auc": {
        "mean": 0.9853739792627272,
        "std": 0.007958129089438288,
        "min": 0.956284832204243,
        "max": 0.9923515064314415
      },
      "pr_auc": {
        "mean": 0.5270010667999789,
        "std": 0.10337506590679353,
        "min": 0.30863967585612795,
        "max": 0.6410398367839354
      }
    },
    "temp_metrics": {
      "mae": {
        "mean": 2.098380892981554,
        "std": 0.09673240598864319,
        "min": 1.9345667450593893,
        "max": 2.275691663800785
      },
      "rmse": {
        "mean": 2.699778818861196,
        "std": 0.11504266110056288,
        "min": 2.521457487044293,
        "max": 2.914720037052395
      },
      "r2": {
        "mean": 0.9051993670567183,
        "std": 0.010264103279770287,
        "min": 0.8819229243541181,
        "max": 0.9179159486289565
      }
    }
  }
}