{
  "accuracy": 0.9947278892406133,
  "precision": 0.5090819833087874,
  "recall": 0.5432163436354112,
  "f1": 0.5255955397871263,
  "roc_auc": 0.9931892382308408,
  "pr_auc": 0.5424265175069942,
  "brier_score": 0.0038791110583163307,
  "tn": 352167,
  "fp": 1000,
  "fn": 872,
  "tp": 1037,
  "ece": 0.0024404759003796594
}