{
  "mae": 1.5138894319534302,
  "rmse": 1.9789511379206577,
  "r2": 0.9499606490135193,
  "mape": "16.430988"
}