{
  "model_type": "catboost",
  "horizons": [
    3,
    6,
    12,
    24
  ],
  "frost_threshold": 0.0,
  "timestamp": "2025-11-14T08:24:42.129172",
  "results": {
    "3h": {
      "frost_metrics": {
        "accuracy": 0.9964206257568504,
        "precision": 0.6792134831460674,
        "recall": 0.6333158721843898,
        "f1": 0.6554621848739496,
        "roc_auc": 0.9965141983560148,
        "pr_auc": 0.7183852885374625,
        "brier_score": 0.0026507901961884735,
        "tn": 352610,
        "fp": 571,
        "fn": 700,
        "tp": 1209,
        "ece": 0.0009193576044658074
      },
      "temp_metrics": {
        "mae": 1.195017586996502,
        "rmse": 1.579209750367488,
        "r2": 0.9681341354906742,
        "mape": 13.06617915084287
      }
    },
    "6h": {
      "frost_metrics": {
        "accuracy": 0.9951559666099652,
        "precision": 0.5537237066515065,
        "recall": 0.5102147721320063,
        "f1": 0.5310796074154853,
        "roc_auc": 0.9928630421925068,
        "pr_auc": 0.5382120260598154,
        "brier_score": 0.003608159436919771,
        "tn": 352382,
        "fp": 785,
        "fn": 935,
        "tp": 974,
        "ece": 0.0019468857089532353
      },
      "temp_metrics": {
        "mae": 1.593761530870231,
        "rmse": 2.0713383563198464,
        "r2": 0.9451794004949166,
        "mape": 17.777423893558307
      }
    },
    "12h": {
      "frost_metrics": {
        "accuracy": 0.9949415290326942,
        "precision": 0.5376415722851432,
        "recall": 0.42273441592456784,
        "f1": 0.47331378299120236,
        "roc_auc": 0.9883266746432311,
        "pr_auc": 0.4913810109685718,
        "brier_score": 0.003848156350873905,
        "tn": 352445,
        "fp": 694,
        "fn": 1102,
        "tp": 807,
        "ece": 0.002046302054334483
      },
      "temp_metrics": {
        "mae": 1.8364821829002291,
        "rmse": 2.395211656840679,
        "r2": 0.9266822183986038,
        "mape": 20.85204629017236
      }
    },
    "24h": {
      "frost_metrics": {
        "accuracy": 0.9931012529859827,
        "precision": 0.3669950738916256,
        "recall": 0.3902566788894709,
        "f1": 0.3782685960903783,
        "roc_auc": 0.9833851868624351,
        "pr_auc": 0.3502081108230617,
        "brier_score": 0.005105018925474467,
        "tn": 351798,
        "fp": 1285,
        "fn": 1164,
        "tp": 745,
        "ece": 0.004265923092229719
      },
      "temp_metrics": {
        "mae": 1.9495772244673149,
        "rmse": 2.5377824698179268,
        "r2": 0.9176631931837315,
        "mape": 23.199828859237908
      }
    }
  }
}