{
  "model_type": "lightgbm",
  "horizons": [
    3,
    6,
    12,
    24
  ],
  "frost_threshold": 0.0,
  "timestamp": "2025-11-13T18:39:08.786482",
  "results": {
    "3h": {
      "frost_metrics": {
        "accuracy": 0.9962206764482244,
        "precision": 0.6480417754569191,
        "recall": 0.6500785751702463,
        "f1": 0.6490585774058577,
        "roc_auc": 0.9965047949324755,
        "pr_auc": 0.7064025785065243,
        "brier_score": 0.0028439441415417667,
        "tn": 352507,
        "fp": 674,
        "fn": 668,
        "tp": 1241,
        "ece": 0.001486516930202347
      },
      "temp_metrics": {
        "mae": 1.143817216963468,
        "rmse": 1.5235070184732296,
        "r2": 0.970342469190121,
        "mape": 12.284740307655168
      }
    },
    "6h": {
      "frost_metrics": {
        "accuracy": 0.9945927069134495,
        "precision": 0.4972812654473554,
        "recall": 0.5269774751178627,
        "f1": 0.5116988809766022,
        "roc_auc": 0.992623921006521,
        "pr_auc": 0.5263854305978589,
        "brier_score": 0.00397535382148215,
        "tn": 352150,
        "fp": 1017,
        "fn": 903,
        "tp": 1006,
        "ece": 0.0025154792671521382
      },
      "temp_metrics": {
        "mae": 1.5453698089426218,
        "rmse": 2.015848515039371,
        "r2": 0.948077275594141,
        "mape": 16.776887272522647
      }
    },
    "12h": {
      "frost_metrics": {
        "accuracy": 0.9942120502016629,
        "precision": 0.46157894736842103,
        "recall": 0.45940282870612886,
        "f1": 0.4604883171436073,
        "roc_auc": 0.989243285206391,
        "pr_auc": 0.4495097105276136,
        "brier_score": 0.0043246605822515344,
        "tn": 352116,
        "fp": 1023,
        "fn": 1032,
        "tp": 877,
        "ece": 0.002538804409886182
      },
      "temp_metrics": {
        "mae": 1.7924770000756105,
        "rmse": 2.333542352832706,
        "r2": 0.9304090287434512,
        "mape": 20.040401146709677
      }
    },
    "24h": {
      "frost_metrics": {
        "accuracy": 0.9917969982422139,
        "precision": 0.3095328522597797,
        "recall": 0.42692509167103193,
        "f1": 0.35887274328489654,
        "roc_auc": 0.9843138472211537,
        "pr_auc": 0.3117786414830233,
        "brier_score": 0.006019025516646958,
        "tn": 351265,
        "fp": 1818,
        "fn": 1094,
        "tp": 815,
        "ece": 0.004781306802327048
      },
      "temp_metrics": {
        "mae": 1.9286554002526237,
        "rmse": 2.5080702688459673,
        "r2": 0.9195798953319594,
        "mape": 22.692796580377202
      }
    }
  }
}