{
  "accuracy": 0.9964206257568504,
  "precision": 0.6792134831460674,
  "recall": 0.6333158721843898,
  "f1": 0.6554621848739496,
  "roc_auc": 0.9965141983560148,
  "pr_auc": 0.7183852885374625,
  "brier_score": 0.0026507901961884735,
  "tn": 352610,
  "fp": 571,
  "fn": 700,
  "tp": 1209,
  "ece": 0.0009193576044658074
}