{
  "mae": 1.195017586996502,
  "rmse": 1.579209750367488,
  "r2": 0.9681341354906742,
  "mape": 13.06617915084287
}