{
  "3h": {
    "n_stations": 18,
    "frost_metrics": {
      "brier_score": {
        "mean": 0.0034456246706999114,
        "std": 0.0011614146812889995,
        "min": 0.0015123108754569955,
        "max": 0.005760002612792988
      },
      "ece": {
        "mean": 0.0025735934868343345,
        "std": 0.0005378510144272475,
        "min": 0.001586330087445915,
        "max": 0.0034568589440802837
      },
      "roc_auc": {
        "mean": 0.9969618978575205,
        "std": 0.0010917866405563482,
        "min": 0.994985953410531,
        "max": 0.9984071306385279
      },
      "pr_auc": {
        "mean": 0.7928688316331408,
        "std": 0.07784379672236415,
        "min": 0.5872472435982874,
        "max": 0.864258030380913
      }
    },
    "temp_metrics": {
      "mae": {
        "mean": 1.7200226369384657,
        "std": 0.07999264519294738,
        "min": 1.5895305777293678,
        "max": 1.8642500724437177
      },
      "rmse": {
        "mean": 2.2546966203117385,
        "std": 0.10752984383133181,
        "min": 2.073305631964276,
        "max": 2.4534619094047745
      },
      "r2": {
        "mean": 0.9336776425345131,
        "std": 0.009037965932737714,
        "min": 0.916864369061264,
        "max": 0.9463084937287716
      }
    }
  },
  "6h": {
    "n_stations": 18,
    "frost_metrics": {
      "brier_score": {
        "mean": 0.004568920757337861,
        "std": 0.0015754025237657819,
        "min": 0.002036274143133788,
        "max": 0.007648875399370099
      },
      "ece": {
        "mean": 0.0041636381050996546,
        "std": 0.0009220384861511802,
        "min": 0.00266402607898105,
        "max": 0.005926408258560361
      },
      "roc_auc": {
        "mean": 0.9941719054161019,
        "std": 0.0020030491809445426,
        "min": 0.9894049957340763,
        "max": 0.9968087871437834
      },
      "pr_auc": {
        "mean": 0.6802681563839638,
        "std": 0.12580843433565794,
        "min": 0.29335719441140656,
        "max": 0.7880099596318694
      }
    },
    "temp_metrics": {
      "mae": {
        "mean": 2.2758164209009806,
        "std": 0.08851466729468815,
        "min": 2.1269606062855115,
        "max": 2.45922629815693
      },
      "rmse": {
        "mean": 2.910593314241626,
        "std": 0.11545463147092518,
        "min": 2.7292774766640133,
        "max": 3.156957099169559
      },
      "r2": {
        "mean": 0.8896419357542835,
        "std": 0.013400496798920332,
        "min": 0.8591331070346673,
        "max": 0.9085058852535628
      }
    }
  },
  "12h": {
    "n_stations": 18,
    "frost_metrics": {
      "brier_score": {
        "mean": 0.005488855542450554,
        "std": 0.0019825027448990315,
        "min": 0.0025497532502108807,
        "max": 0.009340072984607836
      },
      "ece": {
        "mean": 0.0037405562099005574,
        "std": 0.000871936050641112,
        "min": 0.002301477501723002,
        "max": 0.005751382369301013
      },
      "roc_auc": {
        "mean": 0.9883777274576894,
        "std": 0.00364718325457977,
        "min": 0.9757005408227684,
        "max": 0.9934349880027
      },
      "pr_auc": {
        "mean": 0.5524688987225321,
        "std": 0.1016910192158882,
        "min": 0.28864977510506556,
        "max": 0.6635667846474597
      }
    },
    "temp_metrics": {
      "mae": {
        "mean": 2.00813293434598,
        "std": 0.09999501513899155,
        "min": 1.8743627401347265,
        "max": 2.196993068347579
      },
      "rmse": {
        "mean": 2.6391264661510054,
        "std": 0.13039563699729564,
        "min": 2.467220686789577,
        "max": 2.894509213277012
      },
      "r2": {
        "mean": 0.9089097173491827,
        "std": 0.014549835872173844,
        "min": 0.8747115201529361,
        "max": 0.926512426155652
      }
    }
  },
  "24h": {
    "n_stations": 18,
    "frost_metrics": {
      "brier_score": {
        "mean": 0.005557572161609622,
        "std": 0.00191061612434076,
        "min": 0.0026329828817423344,
        "max": 0.009263559378477023
      },
      "ece": {
        "mean": 0.0021620026307324534,
        "std": 0.0010777306807312377,
        "min": 0.0009115121437876041,
        "max": 0.00609632904765116
      },
      "roc_auc": {
        "mean": 0.9855776502380189,
        "std": 0.006099292008795145,
        "min": 0.9638288807634794,
        "max": 0.9915000018072233
      },
      "pr_auc": {
        "mean": 0.51291766597905,
        "std": 0.09684735178494606,
        "min": 0.3057862777962018,
        "max": 0.6284944474062358
      }
    },
    "temp_metrics": {
      "mae": {
        "mean": 2.0179717345242327,
        "std": 0.08948359622704288,
        "min": 1.8909203212646564,
        "max": 2.1854025788093034
      },
      "rmse": {
        "mean": 2.6536390221967974,
        "std": 0.11722744368304774,
        "min": 2.4928459264210083,
        "max": 2.8762306489193783
      },
      "r2": {
        "mean": 0.9080432083256113,
        "std": 0.013256491536423064,
        "min": 0.8761802995805746,
        "max": 0.9237995988174866
      }
    }
  }
}