{
  "3h": {
    "n_stations": 18,
    "frost_metrics": {
      "brier_score": {
        "mean": 0.0030907687237736793,
        "std": 0.000980790020856318,
        "min": 0.0013379261983626689,
        "max": 0.005025055835605412
      },
      "ece": {
        "mean": 0.0016848869039910032,
        "std": 0.0004432463381224439,
        "min": 0.0011895011310388468,
        "max": 0.002908032152399239
      },
      "roc_auc": {
        "mean": 0.9973688393692672,
        "std": 0.001092266014198324,
        "min": 0.9953205011527042,
        "max": 0.9989174165271627
      },
      "pr_auc": {
        "mean": 0.8201119050223173,
        "std": 0.06521746460686285,
        "min": 0.6478497986310278,
        "max": 0.8854377343210741
      }
    },
    "temp_metrics": {
      "mae": {
        "mean": 1.380451844798194,
        "std": 0.08735695278806214,
        "min": 1.238556981086731,
        "max": 1.5260823965072632
      },
      "rmse": {
        "mean": 1.7684988013076661,
        "std": 0.11390885003319332,
        "min": 1.5895206957367032,
        "max": 1.9546082014774622
      },
      "r2": {
        "mean": 0.9592198895083534,
        "std": 0.005995357938900548,
        "min": 0.9472554922103882,
        "max": 0.9676526188850403
      }
    }
  },
  "6h": {
    "n_stations": 18,
    "frost_metrics": {
      "brier_score": {
        "mean": 0.004234975795633435,
        "std": 0.0013221771315641553,
        "min": 0.002024725214119036,
        "max": 0.006591130014678044
      },
      "ece": {
        "mean": 0.0023602047025654918,
        "std": 0.0010296448379875246,
        "min": 0.001378160577641824,
        "max": 0.005135958645128403
      },
      "roc_auc": {
        "mean": 0.9953476673690351,
        "std": 0.001604857669218004,
        "min": 0.9915483986740308,
        "max": 0.9972940853162627
      },
      "pr_auc": {
        "mean": 0.7016777399652071,
        "std": 0.09435935343355005,
        "min": 0.4833398822712321,
        "max": 0.8088822700112843
      }
    },
    "temp_metrics": {
      "mae": {
        "mean": 1.8286142415470548,
        "std": 0.09338300818190957,
        "min": 1.6736561059951782,
        "max": 2.0008809566497803
      },
      "rmse": {
        "mean": 2.313412381887042,
        "std": 0.11960329754302475,
        "min": 2.135612019853049,
        "max": 2.537831545061815
      },
      "r2": {
        "mean": 0.9302023582988315,
        "std": 0.009730511087468618,
        "min": 0.9097115397453308,
        "max": 0.9432197213172913
      }
    }
  },
  "12h": {
    "n_stations": 18,
    "frost_metrics": {
      "brier_score": {
        "mean": 0.004988494358587042,
        "std": 0.0016645004059816192,
        "min": 0.0026516720101658385,
        "max": 0.008418540748224223
      },
      "ece": {
        "mean": 0.0023901312807297005,
        "std": 0.0008333597886777335,
        "min": 0.0013738345979430564,
        "max": 0.005169405815978845
      },
      "roc_auc": {
        "mean": 0.9915915803089627,
        "std": 0.0036195351816425453,
        "min": 0.9796164134856794,
        "max": 0.9961048264222532
      },
      "pr_auc": {
        "mean": 0.5908775651285657,
        "std": 0.10804419344412303,
        "min": 0.3584468992921563,
        "max": 0.7092013384263344
      }
    },
    "temp_metrics": {
      "mae": {
        "mean": 1.9696700043148465,
        "std": 0.10707418225009921,
        "min": 1.837861180305481,
        "max": 2.1771631240844727
      },
      "rmse": {
        "mean": 2.5302312895292545,
        "std": 0.13539235098212132,
        "min": 2.3702361867208643,
        "max": 2.7938201246912153
      },
      "r2": {
        "mean": 0.9164362582895491,
        "std": 0.012362890891862956,
        "min": 0.8904466032981873,
        "max": 0.9319384098052979
      }
    }
  },
  "24h": {
    "n_stations": 18,
    "frost_metrics": {
      "brier_score": {
        "mean": 0.005483405588919365,
        "std": 0.001759477386038872,
        "min": 0.002746284299514349,
        "max": 0.00867811840079014
      },
      "ece": {
        "mean": 0.002708778818716142,
        "std": 0.0021520416370151346,
        "min": 0.0011050747993708347,
        "max": 0.010943171706122112
      },
      "roc_auc": {
        "mean": 0.9885302666389367,
        "std": 0.0066536166487630435,
        "min": 0.9656180006864182,
        "max": 0.9943865783991568
      },
      "pr_auc": {
        "mean": 0.5450910031691424,
        "std": 0.11781387131855212,
        "min": 0.2933437677280297,
        "max": 0.6685688370650457
      }
    },
    "temp_metrics": {
      "mae": {
        "mean": 2.0218959848086038,
        "std": 0.09172305532524985,
        "min": 1.8718827962875366,
        "max": 2.1858272552490234
      },
      "rmse": {
        "mean": 2.594933653554063,
        "std": 0.11299081075424926,
        "min": 2.425385029694635,
        "max": 2.80624219047972
      },
      "r2": {
        "mean": 0.912252340051863,
        "std": 0.011093781334817695,
        "min": 0.8891886472702026,
        "max": 0.9261360764503479
      }
    }
  }
}