{
  "accuracy": 0.9962206764482244,
  "precision": 0.6480417754569191,
  "recall": 0.6500785751702463,
  "f1": 0.6490585774058577,
  "roc_auc": 0.9965047949324755,
  "pr_auc": 0.7064025785065243,
  "brier_score": 0.0028439441415417667,
  "tn": 352507,
  "fp": 674,
  "fn": 668,
  "tp": 1241,
  "ece": 0.001486516930202347
}