{
  "mae": 1.143817216963468,
  "rmse": 1.5235070184732296,
  "r2": 0.970342469190121,
  "mape": 12.284740307655168
}