{
  "accuracy": 0.9947982967026777,
  "precision": 0.5157841140529531,
  "recall": 0.5306443163960188,
  "f1": 0.5231087012651692,
  "roc_auc": 0.993757424799632,
  "pr_auc": 0.5615446431237288,
  "brier_score": 0.003679954804285391,
  "tn": 352216,
  "fp": 951,
  "fn": 896,
  "tp": 1013,
  "ece": 0.0018169984126271048
}