{
  "mae": 1.5516511662380992,
  "rmse": 2.0230145380197797,
  "r2": 0.9477074652881364,
  "mape": 17.02929288260589
}