{
  "accuracy": 0.9928899806192816,
  "precision": 0.35717603344170923,
  "recall": 0.4028287061288633,
  "f1": 0.37863121614968,
  "roc_auc": 0.9846824064729047,
  "pr_auc": 0.34664832058244727,
  "brier_score": 0.005379243348562242,
  "tn": 351699,
  "fp": 1384,
  "fn": 1140,
  "tp": 769,
  "ece": 0.004711673317198864
}