{
  "mae": 1.928256054148831,
  "rmse": 2.506153913701916,
  "r2": 0.9197027424515227,
  "mape": 22.866090592720052
}