{
  "accuracy": 0.9949415290326942,
  "precision": 0.5376415722851432,
  "recall": 0.42273441592456784,
  "f1": 0.47331378299120236,
  "roc_auc": 0.9883266746432311,
  "pr_auc": 0.4913810109685718,
  "brier_score": 0.003848156350873905,
  "tn": 352445,
  "fp": 694,
  "fn": 1102,
  "tp": 807,
  "ece": 0.002046302054334483
}