{
  "mae": 1.8364821829002291,
  "rmse": 2.395211656840679,
  "r2": 0.9266822183986038,
  "mape": 20.85204629017236
}