{
  "accuracy": 0.9963868315075052,
  "precision": 0.667379679144385,
  "recall": 0.6537454164484023,
  "f1": 0.6604921937020376,
  "roc_auc": 0.9970698190656279,
  "pr_auc": 0.7289506885654407,
  "brier_score": 0.002630019886372565,
  "tn": 352559,
  "fp": 622,
  "fn": 661,
  "tp": 1248,
  "ece": 0.0009456761241121754
}