{
  "mae": 1.1447621561064116,
  "rmse": 1.5245496603836652,
  "r2": 0.9703018618738315,
  "mape": 12.368156008556321
}