{
  "3h": {
    "n_stations": 18,
    "frost_metrics": {
      "brier_score": {
        "mean": 0.0030779951635977985,
        "std": 0.001029184809483352,
        "min": 0.0013584598553656793,
        "max": 0.005141215443652582
      },
      "ece": {
        "mean": 0.0031089981301739263,
        "std": 0.0005254587296612045,
        "min": 0.002266710085889081,
        "max": 0.004032032694406175
      },
      "roc_auc": {
        "mean": 0.9975323729787782,
        "std": 0.0008742071841665535,
        "min": 0.9957892986472718,
        "max": 0.9988748115206797
      },
      "pr_auc": {
        "mean": 0.8244677619548113,
        "std": 0.062281651826209206,
        "min": 0.6530476992473184,
        "max": 0.8917616263823543
      }
    },
    "temp_metrics": {
      "mae": {
        "mean": 2.2058149565644034,
        "std": 0.1467751527566164,
        "min": 2.0278446347462498,
        "max": 2.532324022196272
      },
      "rmse": {
        "mean": 2.745269350636635,
        "std": 0.16792662506715986,
        "min": 2.5361590793253814,
        "max": 3.1516701126506637
      },
      "r2": {
        "mean": 0.902561839041648,
        "std": 0.005533395823782452,
        "min": 0.8919414795008782,
        "max": 0.9121178766082046
      }
    }
  },
  "6h": {
    "n_stations": 18,
    "frost_metrics": {
      "brier_score": {
        "mean": 0.004208103089984151,
        "std": 0.0014045036091113613,
        "min": 0.0019175812849507427,
        "max": 0.006845774549392632
      },
      "ece": {
        "mean": 0.004274288427806431,
        "std": 0.001011626407598436,
        "min": 0.002227322356203709,
        "max": 0.006190447725901249
      },
      "roc_auc": {
        "mean": 0.9950801841757264,
        "std": 0.0015551387280359952,
        "min": 0.9921567495625487,
        "max": 0.997190622207959
      },
      "pr_auc": {
        "mean": 0.7111333779535511,
        "std": 0.09401125932114884,
        "min": 0.4685942626956125,
        "max": 0.803684302637806
      }
    },
    "temp_metrics": {
      "mae": {
        "mean": 2.589772579404329,
        "std": 0.14380455278971954,
        "min": 2.3928737917950595,
        "max": 2.914017157617055
      },
      "rmse": {
        "mean": 3.211670823797972,
        "std": 0.1599104955748877,
        "min": 3.012490712293763,
        "max": 3.604458861565815
      },
      "r2": {
        "mean": 0.8664379347252733,
        "std": 0.008401297802287357,
        "min": 0.8442542775785303,
        "max": 0.880598838083684
      }
    }
  },
  "12h": {
    "n_stations": 18,
    "frost_metrics": {
      "brier_score": {
        "mean": 0.005132990474153477,
        "std": 0.0017850531584736144,
        "min": 0.0025643365115893854,
        "max": 0.008640779463419748
      },
      "ece": {
        "mean": 0.004233961707418453,
        "std": 0.0006836668319181793,
        "min": 0.0031734931503678283,
        "max": 0.005898820479411051
      },
      "roc_auc": {
        "mean": 0.991299119645951,
        "std": 0.0034590126244279486,
        "min": 0.9783881379347767,
        "max": 0.9955619259824736
      },
      "pr_auc": {
        "mean": 0.580431505967107,
        "std": 0.10475335126739589,
        "min": 0.3676170625641194,
        "max": 0.68509111491192
      }
    },
    "temp_metrics": {
      "mae": {
        "mean": 2.540824910136392,
        "std": 0.13104206793454198,
        "min": 2.386080040318096,
        "max": 2.821154154457103
      },
      "rmse": {
        "mean": 3.1950676349065477,
        "std": 0.1434496394278261,
        "min": 3.003887285716158,
        "max": 3.5352473407593266
      },
      "r2": {
        "mean": 0.8677033854312174,
        "std": 0.009043523048426254,
        "min": 0.8495605037685514,
        "max": 0.881009980812327
      }
    }
  },
  "24h": {
    "n_stations": 18,
    "frost_metrics": {
      "brier_score": {
        "mean": 0.005512335017607774,
        "std": 0.0018414715018570944,
        "min": 0.0025587139660059317,
        "max": 0.008969204611770299
      },
      "ece": {
        "mean": 0.004393009926026144,
        "std": 0.0014721559892086368,
        "min": 0.0030252837446174737,
        "max": 0.009814353764277814
      },
      "roc_auc": {
        "mean": 0.987533585910504,
        "std": 0.0073437254542168245,
        "min": 0.9614624956914416,
        "max": 0.9938284269356499
      },
      "pr_auc": {
        "mean": 0.5395380542396198,
        "std": 0.10470403019955714,
        "min": 0.3226666078666117,
        "max": 0.655527824720383
      }
    },
    "temp_metrics": {
      "mae": {
        "mean": 2.550779792069979,
        "std": 0.1277465527632245,
        "min": 2.3620581459929184,
        "max": 2.7842204477195023
      },
      "rmse": {
        "mean": 3.2035588206557315,
        "std": 0.1375481977966382,
        "min": 2.9893667109882704,
        "max": 3.4922604912619843
      },
      "r2": {
        "mean": 0.8670151911747408,
        "std": 0.008268367445833803,
        "min": 0.8510264030749114,
        "max": 0.8767901568090704
      }
    }
  }
}