{
  "model_type": "ensemble",
  "horizons": [
    3,
    6,
    12,
    24
  ],
  "frost_threshold": 0.0,
  "timestamp": "2025-11-14T09:27:52.366444",
  "results": {
    "3h": {
      "frost_metrics": {
        "accuracy": 0.9963868315075052,
        "precision": 0.667379679144385,
        "recall": 0.6537454164484023,
        "f1": 0.6604921937020376,
        "roc_auc": 0.9970698190656279,
        "pr_auc": 0.7289506885654407,
        "brier_score": 0.002630019886372565,
        "tn": 352559,
        "fp": 622,
        "fn": 661,
        "tp": 1248,
        "ece": 0.0009456761241121754
      },
      "temp_metrics": {
        "mae": 1.1447621561064116,
        "rmse": 1.5245496603836652,
        "r2": 0.9703018618738315,
        "mape": 12.368156008556321
      }
    },
    "6h": {
      "frost_metrics": {
        "accuracy": 0.9947982967026777,
        "precision": 0.5157841140529531,
        "recall": 0.5306443163960188,
        "f1": 0.5231087012651692,
        "roc_auc": 0.993757424799632,
        "pr_auc": 0.5615446431237288,
        "brier_score": 0.003679954804285391,
        "tn": 352216,
        "fp": 951,
        "fn": 896,
        "tp": 1013,
        "ece": 0.0018169984126271048
      },
      "temp_metrics": {
        "mae": 1.5516511662380992,
        "rmse": 2.0230145380197797,
        "r2": 0.9477074652881364,
        "mape": 17.02929288260589
      }
    },
    "12h": {
      "frost_metrics": {
        "accuracy": 0.9947866204006219,
        "precision": 0.5181476846057572,
        "recall": 0.43373493975903615,
        "f1": 0.4721984602224123,
        "roc_auc": 0.9898534248888927,
        "pr_auc": 0.5072206289134369,
        "brier_score": 0.003874872621460553,
        "tn": 352369,
        "fp": 770,
        "fn": 1081,
        "tp": 828,
        "ece": 0.0021834650143246885
      },
      "temp_metrics": {
        "mae": 1.80670022956192,
        "rmse": 2.3538717331791332,
        "r2": 0.929191220289054,
        "mape": 20.349985876298753
      }
    },
    "24h": {
      "frost_metrics": {
        "accuracy": 0.9928899806192816,
        "precision": 0.35717603344170923,
        "recall": 0.4028287061288633,
        "f1": 0.37863121614968,
        "roc_auc": 0.9846824064729047,
        "pr_auc": 0.34664832058244727,
        "brier_score": 0.005379243348562242,
        "tn": 351699,
        "fp": 1384,
        "fn": 1140,
        "tp": 769,
        "ece": 0.004711673317198864
      },
      "temp_metrics": {
        "mae": 1.928256054148831,
        "rmse": 2.506153913701916,
        "r2": 0.9197027424515227,
        "mape": 22.866090592720052
      }
    }
  }
}