{
  "3h": {
    "n_stations": 18,
    "frost_metrics": {
      "brier_score": {
        "mean": 0.003039002145113311,
        "std": 0.0009741262651099422,
        "min": 0.001388400162118462,
        "max": 0.005014681586896559
      },
      "ece": {
        "mean": 0.0014243226916520716,
        "std": 0.00045689731955159027,
        "min": 0.0008055040186974535,
        "max": 0.0029039148048031777
      },
      "roc_auc": {
        "mean": 0.9974012166553126,
        "std": 0.0010970121081526727,
        "min": 0.9951454238026608,
        "max": 0.9988950837663206
      },
      "pr_auc": {
        "mean": 0.8224023998278986,
        "std": 0.06448198404823503,
        "min": 0.641834041075945,
        "max": 0.886724483428701
      }
    },
    "temp_metrics": {
      "mae": {
        "mean": 1.442266991940601,
        "std": 0.08870011937789624,
        "min": 1.294049344341703,
        "max": 1.6119488610632235
      },
      "rmse": {
        "mean": 1.8499758185707573,
        "std": 0.11502196567822741,
        "min": 1.6630470003542523,
        "max": 2.049210143973539
      },
      "r2": {
        "mean": 0.9554310966135693,
        "std": 0.006019845689528582,
        "min": 0.9437592611716897,
        "max": 0.9640012037926317
      }
    }
  },
  "6h": {
    "n_stations": 18,
    "frost_metrics": {
      "brier_score": {
        "mean": 0.004204228731612053,
        "std": 0.0012997224437670232,
        "min": 0.0019709605123992484,
        "max": 0.006660879728947904
      },
      "ece": {
        "mean": 0.002219214638258837,
        "std": 0.0009857816487209247,
        "min": 0.0009542019792118945,
        "max": 0.005226736365809835
      },
      "roc_auc": {
        "mean": 0.9952692166472357,
        "std": 0.0015744801082330769,
        "min": 0.991577960308639,
        "max": 0.9972125389018798
      },
      "pr_auc": {
        "mean": 0.70849452769706,
        "std": 0.0880083801697771,
        "min": 0.503718468485048,
        "max": 0.8056359010783765
      }
    },
    "temp_metrics": {
      "mae": {
        "mean": 1.906624345227936,
        "std": 0.0966978971171548,
        "min": 1.739095298204608,
        "max": 2.1068974093929684
      },
      "rmse": {
        "mean": 2.4077387910959906,
        "std": 0.11959350422236527,
        "min": 2.2148475810268407,
        "max": 2.6333416622079673
      },
      "r2": {
        "mean": 0.924512434185771,
        "std": 0.009420339290624694,
        "min": 0.9058093143444377,
        "max": 0.9380196886388276
      }
    }
  },
  "12h": {
    "n_stations": 18,
    "frost_metrics": {
      "brier_score": {
        "mean": 0.005058634779650186,
        "std": 0.0016777286876315143,
        "min": 0.0026802569224064258,
        "max": 0.008523384400273889
      },
      "ece": {
        "mean": 0.0025133039933966325,
        "std": 0.0007643791724389785,
        "min": 0.0014594078804530436,
        "max": 0.004586493034768579
      },
      "roc_auc": {
        "mean": 0.9912332721935945,
        "std": 0.003574165512649122,
        "min": 0.979036972887284,
        "max": 0.9957756432773628
      },
      "pr_auc": {
        "mean": 0.575771795169173,
        "std": 0.10609566042042294,
        "min": 0.37169175004476235,
        "max": 0.6893955907203819
      }
    },
    "temp_metrics": {
      "mae": {
        "mean": 2.003311648310884,
        "std": 0.10380805813172812,
        "min": 1.8702775812606796,
        "max": 2.2105870328662287
      },
      "rmse": {
        "mean": 2.57505784798739,
        "std": 0.13023439108211085,
        "min": 2.4107260271960187,
        "max": 2.813714069041565
      },
      "r2": {
        "mean": 0.9135267488114924,
        "std": 0.01199987515728073,
        "min": 0.8880560600637076,
        "max": 0.9287238075117383
      }
    }
  },
  "24h": {
    "n_stations": 18,
    "frost_metrics": {
      "brier_score": {
        "mean": 0.0056424832630026095,
        "std": 0.0018132015121697241,
        "min": 0.0028395223634316603,
        "max": 0.008789954123099667
      },
      "ece": {
        "mean": 0.002770733762674472,
        "std": 0.002185627351028698,
        "min": 0.0010764126102232729,
        "max": 0.011085879126254021
      },
      "roc_auc": {
        "mean": 0.9878337027812272,
        "std": 0.007608342287310088,
        "min": 0.9598260904603716,
        "max": 0.9943225057723297
      },
      "pr_auc": {
        "mean": 0.5191532950996716,
        "std": 0.11517940564610846,
        "min": 0.2596500492294288,
        "max": 0.6544657372375468
      }
    },
    "temp_metrics": {
      "mae": {
        "mean": 2.041655524438346,
        "std": 0.09148191647858822,
        "min": 1.888240798225942,
        "max": 2.2092284624966503
      },
      "rmse": {
        "mean": 2.622774058565435,
        "std": 0.11256484222946496,
        "min": 2.447812991854862,
        "max": 2.8385272261593033
      },
      "r2": {
        "mean": 0.9104035607026673,
        "std": 0.01090957195404304,
        "min": 0.8872477357769825,
        "max": 0.9237852574695615
      }
    }
  }
}