{
  "accuracy": 0.9951559666099652,
  "precision": 0.5537237066515065,
  "recall": 0.5102147721320063,
  "f1": 0.5310796074154853,
  "roc_auc": 0.9928630421925068,
  "pr_auc": 0.5382120260598154,
  "brier_score": 0.003608159436919771,
  "tn": 352382,
  "fp": 785,
  "fn": 935,
  "tp": 974,
  "ece": 0.0019468857089532353
}