{
  "mae": 1.593761530870231,
  "rmse": 2.0713383563198464,
  "r2": 0.9451794004949166,
  "mape": 17.777423893558307
}