{
  "accuracy": 0.994276830175075,
  "precision": 0.46781789638932497,
  "recall": 0.4683080146673651,
  "f1": 0.4680628272251309,
  "roc_auc": 0.9890068818714521,
  "pr_auc": 0.46366662199304615,
  "brier_score": 0.004248507597178967,
  "tn": 352122,
  "fp": 1017,
  "fn": 1015,
  "tp": 894,
  "ece": 0.0026126553045098763
}