{
  "mae": 1.7739052772521973,
  "rmse": 2.308788517257359,
  "r2": 0.931877613067627,
  "mape": "19.706087"
}