{
  "model_type": "xgboost",
  "horizons": [
    3,
    6,
    12,
    24
  ],
  "frost_threshold": 0.0,
  "timestamp": "2025-11-13T21:57:47.517828",
  "results": {
    "3h": {
      "frost_metrics": {
        "accuracy": 0.9959137120166718,
        "precision": 0.6193952033368092,
        "recall": 0.6223153483499214,
        "f1": 0.6208518421740267,
        "roc_auc": 0.996634609639394,
        "pr_auc": 0.6934773277325527,
        "brier_score": 0.0029591150036976984,
        "tn": 352451,
        "fp": 730,
        "fn": 721,
        "tp": 1188,
        "ece": 0.0015644020042600102
      },
      "temp_metrics": {
        "mae": 1.1210381984710693,
        "rmse": 1.4982518499761752,
        "r2": 0.9713175892829895,
        "mape": "12.001029"
      }
    },
    "6h": {
      "frost_metrics": {
        "accuracy": 0.9947278892406133,
        "precision": 0.5090819833087874,
        "recall": 0.5432163436354112,
        "f1": 0.5255955397871263,
        "roc_auc": 0.9931892382308408,
        "pr_auc": 0.5424265175069942,
        "brier_score": 0.0038791110583163307,
        "tn": 352167,
        "fp": 1000,
        "fn": 872,
        "tp": 1037,
        "ece": 0.0024404759003796594
      },
      "temp_metrics": {
        "mae": 1.5138894319534302,
        "rmse": 1.9789511379206577,
        "r2": 0.9499606490135193,
        "mape": "16.430988"
      }
    },
    "12h": {
      "frost_metrics": {
        "accuracy": 0.994276830175075,
        "precision": 0.46781789638932497,
        "recall": 0.4683080146673651,
        "f1": 0.4680628272251309,
        "roc_auc": 0.9890068818714521,
        "pr_auc": 0.46366662199304615,
        "brier_score": 0.004248507597178967,
        "tn": 352122,
        "fp": 1017,
        "fn": 1015,
        "tp": 894,
        "ece": 0.0026126553045098763
      },
      "temp_metrics": {
        "mae": 1.7739052772521973,
        "rmse": 2.308788517257359,
        "r2": 0.931877613067627,
        "mape": "19.706087"
      }
    },
    "24h": {
      "frost_metrics": {
        "accuracy": 0.9918533375400009,
        "precision": 0.31276190476190474,
        "recall": 0.43006809848088007,
        "f1": 0.36215262461402736,
        "roc_auc": 0.9847524947749522,
        "pr_auc": 0.29956310450197665,
        "brier_score": 0.006005009112143091,
        "tn": 351279,
        "fp": 1804,
        "fn": 1088,
        "tp": 821,
        "ece": 0.004934821726528964
      },
      "temp_metrics": {
        "mae": 1.924381971359253,
        "rmse": 2.497851020347017,
        "r2": 0.9202339053153992,
        "mape": "22.684187"
      }
    }
  }
}